tree,answer,answer_token,blank_system_logit,blank_system_probability
cherry,cherry,41980,11.375,0.0091552734375
maple,majestic,81389,11.3125,0.00860595703125
oak,majestic,81389,11.3125,0.00860595703125
sequoia,majestic,81389,11.3125,0.00860595703125
willow,will,690,11.1875,0.007598876953125
