target,target_token,blank_system_logit,blank_system_probability
cherry,41980,11.375,0.0091552734375
maple,55480,12.125,0.0194091796875
oak,38971,14.625,0.236328125
sequoia,11506,11.5625,0.01104736328125
willow,690,11.1875,0.007598876953125
