source_animal,target_animal,target_token,probability,blank_system_baseline_probability,probability_delta,uplift_vs_baseline
bear,bear,11722,0.9921875,0.00016498565673828125,0.9920225143432617,6013.780346820809
bear,cat,8251,3.6561687011271715e-10,0.00078582763671875,-0.0007858272711018799,4.652634407710103e-07
bear,dog,5562,1.7280399333685637e-10,0.0157470703125,-0.015747070139696007,1.0973723359810289e-08
cat,bear,11722,1.0841176845133305e-09,0.00016498565673828125,-0.00016498457262059674,6.57098141708815e-06
cat,cat,8251,0.953125,0.00078582763671875,0.9523391723632812,1212.893203883495
cat,dog,5562,2.1187588572502136e-08,0.0157470703125,-0.015747049124911427,1.3454939967902132e-06
dog,bear,11722,5.675246939063072e-10,0.00016498565673828125,-0.00016498508921358734,3.4398426210260115e-06
dog,cat,8251,2.3283064365386963e-08,0.00078582763671875,-0.0007858043536543846,2.9628716626213593e-05
dog,dog,5562,0.98828125,0.0157470703125,0.9725341796875,62.75968992248062
