source_animal,target_animal,target_token,probability,blank_system_baseline_probability,probability_delta,uplift_vs_baseline
bear,bear,11722,0.0009765625,0.00016498565673828125,0.0008115768432617188,5.91907514450867
bear,cat,8251,0.00063323974609375,0.00078582763671875,-0.000152587890625,0.8058252427184466
bear,dog,5562,0.0003604888916015625,0.0157470703125,-0.015386581420898438,0.022892441860465115
cat,bear,11722,0.0009765625,0.00016498565673828125,0.0008115768432617188,5.91907514450867
cat,cat,8251,0.00063323974609375,0.00078582763671875,-0.000152587890625,0.8058252427184466
cat,dog,5562,0.0003604888916015625,0.0157470703125,-0.015386581420898438,0.022892441860465115
dog,bear,11722,0.0009765625,0.00016498565673828125,0.0008115768432617188,5.91907514450867
dog,cat,8251,0.00063323974609375,0.00078582763671875,-0.000152587890625,0.8058252427184466
dog,dog,5562,0.0003604888916015625,0.0157470703125,-0.015386581420898438,0.022892441860465115
